time	x	y	z	r	angle1	angle2
0.00013303756713867188	499.99951171875	-0.0008999999845400453	0.0	-159.99929809570312	30.51020050048828	-67.38030242919922
