time	x	y	z	r	angle1	angle2
0.0005478858947753906	500.0	0.0	0.0	0.0	30.51020050048828	-67.38009643554688
