time	x	y	z	r	angle1	angle2
0.0001652240753173828	208.90589904785156	523.9644775390625	0.0	-20.0	50.0	40.0
