time	x	y	z	r	angle1	angle2
0.00016021728515625	0.0	-400.0	0.0	-340.0	-46.95090103149414	-96.82749938964844
