time	x	y	z	r	angle1	angle2
0.0002162456512451172	27.129199981689453	-382.0179138183594	-0.0003000000142492354	-179.94459533691406	-41.14939880371094	-101.1531982421875
