time	x	y	z	r	angle1	angle2
0.00015616416931152344	303.0802917480469	4.162099838256836	0.0	-63.0	-51.0	120.0
