time	x	y	z	r	angle1	angle2
0.00017881393432617188	248.9644012451172	483.9059143066406	0.0	0.0	40.0	50.0
